{
  "expert_oracle_missed_cases": [],
  "high_apply_wrong_cases": [
    {
      "anchor_correct": 0,
      "anchor_margin": 0.8414562940597534,
      "apply": 0.6471805572509766,
      "best_candidate": 3,
      "best_expert": 2,
      "cavr": 0,
      "ce_anchor": 2.5348721569789583,
      "ce_expert0": 2.5346896494852595,
      "ce_expert1": 2.5348056158882124,
      "ce_expert2": 2.534253345368737,
      "ce_final": 2.5346960395042,
      "correction": 0.00019121170043945312,
      "decision_flip": 0,
      "degradation": "none",
      "delta0": 0.00019812583923339844,
      "delta1": 7.224082946777344e-05,
      "delta2": 0.0006721019744873047,
      "delta_clamped0": 0.00019812583923339844,
      "delta_clamped1": 7.224082946777344e-05,
      "delta_clamped2": 0.0006721019744873047,
      "domain": "progan",
      "expert0_correct": 0,
      "expert1_correct": 0,
      "expert2_correct": 0,
      "final_correct": 0,
      "final_margin": 0.8414283692836761,
      "final_oracle_gap_ce": 0.000442694135463384,
      "harm": 0,
      "help": 0,
      "high_conf_anchor_harm": 0,
      "image_path": "",
      "label": 1,
      "oracle_gain_ce": 0.0006188116102214813,
      "p_anchor": 0.07927185297012329,
      "p_expert0": 0.07928632199764252,
      "p_expert1": 0.07927712798118591,
      "p_expert2": 0.07932092249393463,
      "p_final": 0.07928581535816193,
      "pred_anchor": 0,
      "pred_expert0": 0,
      "pred_expert1": 0,
      "pred_expert2": 0,
      "pred_final": 0,
      "q0": 0.32534462213516235,
      "q1": 0.3709154427051544,
      "q2": 0.30373990535736084,
      "q_entropy": 1.0951181650161743,
      "sample_index": 378,
      "z_anchor": -2.4522817134857178,
      "z_expert0": -2.4520835876464844,
      "z_expert1": -2.45220947265625,
      "z_expert2": -2.4516096115112305,
      "z_final": -2.4520905017852783
    },
    {
      "anchor_correct": 0,
      "anchor_margin": 0.8674547523260117,
      "apply": 0.6463860273361206,
      "best_candidate": 2,
      "best_expert": 1,
      "cavr": 1,
      "ce_anchor": 2.713978380531729,
      "ce_expert0": 2.7139746705729344,
      "ce_expert1": 2.7139593811910276,
      "ce_expert2": 2.7140234632520635,
      "ce_final": 2.7139817532334853,
      "correction": -3.5762786865234375e-06,
      "decision_flip": 0,
      "degradation": "none",
      "delta0": 4.0531158447265625e-06,
      "delta1": 2.0503997802734375e-05,
      "delta2": -4.8160552978515625e-05,
      "delta_clamped0": 4.0531158447265625e-06,
      "delta_clamped1": 2.0503997802734375e-05,
      "delta_clamped2": -4.8160552978515625e-05,
      "domain": "progan",
      "expert0_correct": 0,
      "expert1_correct": 0,
      "expert2_correct": 0,
      "final_correct": 0,
      "final_margin": 0.8674551993608475,
      "final_oracle_gap_ce": 2.237204245769675e-05,
      "harm": 0,
      "help": 0,
      "high_conf_anchor_harm": 0,
      "image_path": "",
      "label": 1,
      "oracle_gain_ce": 1.89993407011535e-05,
      "p_anchor": 0.06627262383699417,
      "p_expert0": 0.06627286970615387,
      "p_expert1": 0.06627388298511505,
      "p_expert2": 0.0662696361541748,
      "p_final": 0.06627240031957626,
      "pred_anchor": 0,
      "pred_expert0": 0,
      "pred_expert1": 0,
      "pred_expert2": 0,
      "pred_final": 0,
      "q0": 0.32558032870292664,
      "q1": 0.37060514092445374,
      "q2": 0.30381453037261963,
      "q_entropy": 1.0951638221740723,
      "sample_index": 371,
      "z_anchor": -2.6454076766967773,
      "z_expert0": -2.6454036235809326,
      "z_expert1": -2.6453871726989746,
      "z_expert2": -2.645455837249756,
      "z_final": -2.645411252975464
    },
    {
      "anchor_correct": 0,
      "anchor_margin": 0.8785732313990593,
      "apply": 0.6462094783782959,
      "best_candidate": 2,
      "best_expert": 1,
      "cavr": 1,
      "ce_anchor": 2.801591106039031,
      "ce_expert0": 2.801607673007319,
      "ce_expert1": 2.8015861360020646,
      "ce_expert2": 2.8016063844554977,
      "ce_final": 2.8015964442543972,
      "correction": -5.7220458984375e-06,
      "decision_flip": 0,
      "degradation": "none",
      "delta0": -1.7642974853515625e-05,
      "delta1": 5.245208740234375e-06,
      "delta2": -1.621246337890625e-05,
      "delta_clamped0": -1.7642974853515625e-05,
      "delta_clamped1": 5.245208740234375e-06,
      "delta_clamped2": -1.621246337890625e-05,
      "domain": "progan",
      "expert0_correct": 0,
      "expert1_correct": 0,
      "expert2_correct": 0,
      "final_correct": 0,
      "final_margin": 0.8785738795995712,
      "final_oracle_gap_ce": 1.0308252332613677e-05,
      "harm": 0,
      "help": 0,
      "high_conf_anchor_harm": 0,
      "image_path": "",
      "label": 1,
      "oracle_gain_ce": 4.970036966422953e-06,
      "p_anchor": 0.06071338430047035,
      "p_expert0": 0.06071237847208977,
      "p_expert1": 0.06071368604898453,
      "p_expert2": 0.060712456703186035,
      "p_final": 0.060713060200214386,
      "pred_anchor": 0,
      "pred_expert0": 0,
      "pred_expert1": 0,
      "pred_expert2": 0,
      "pred_final": 0,
      "q0": 0.32686156034469604,
      "q1": 0.3693053126335144,
      "q2": 0.30383309721946716,
      "q_entropy": 1.095328688621521,
      "sample_index": 308,
      "z_anchor": -2.7389564514160156,
      "z_expert0": -2.738974094390869,
      "z_expert1": -2.7389512062072754,
      "z_expert2": -2.7389726638793945,
      "z_final": -2.738962173461914
    }
  ],
  "high_conf_anchor_harm_cases": [],
  "router_collapse_cases": [],
  "top_harm_cases": [],
  "top_help_cases": []
}