{
  "expert_oracle_missed_cases": [],
  "high_apply_wrong_cases": [
    {
      "anchor_correct": 0,
      "anchor_margin": 0.7194372415542603,
      "apply": 0.6507729887962341,
      "best_candidate": 0,
      "best_expert": 1,
      "cavr": 1,
      "ce_anchor": 1.9641050218304212,
      "ce_expert0": 1.9651810059164807,
      "ce_expert1": 1.9643706155284453,
      "ce_expert2": 1.9673863282393806,
      "ce_final": 1.9650453281793943,
      "correction": 0.0010935068130493164,
      "decision_flip": 0,
      "degradation": "none",
      "delta0": 0.0012514591217041016,
      "delta1": 0.00030863285064697266,
      "delta2": 0.0038156509399414062,
      "delta_clamped0": 0.0012514591217041016,
      "delta_clamped1": 0.00030863285064697266,
      "delta_clamped2": 0.0038156509399414062,
      "domain": "cyclegan",
      "expert0_correct": 0,
      "expert1_correct": 0,
      "expert2_correct": 0,
      "final_correct": 0,
      "final_margin": 0.7197009325027466,
      "final_oracle_gap_ce": 0.000940306348973019,
      "harm": 0,
      "help": 0,
      "high_conf_anchor_harm": 0,
      "image_path": "",
      "label": 0,
      "oracle_gain_ce": 0.0,
      "p_anchor": 0.8597186207771301,
      "p_expert0": 0.8598694801330566,
      "p_expert1": 0.8597558736801147,
      "p_expert2": 0.8601781725883484,
      "p_final": 0.8598504662513733,
      "pred_anchor": 1,
      "pred_expert0": 1,
      "pred_expert1": 1,
      "pred_expert2": 1,
      "pred_final": 1,
      "q0": 0.32703897356987,
      "q1": 0.3697677254676819,
      "q2": 0.3031933307647705,
      "q_entropy": 1.0952244997024536,
      "sample_index": 2232,
      "z_anchor": 1.8129549026489258,
      "z_expert0": 1.8142063617706299,
      "z_expert1": 1.8132635354995728,
      "z_expert2": 1.8167705535888672,
      "z_final": 1.814048409461975
    },
    {
      "anchor_correct": 0,
      "anchor_margin": 0.877882719039917,
      "apply": 0.6495317816734314,
      "best_candidate": 0,
      "best_expert": 1,
      "cavr": 1,
      "ce_anchor": 2.795920557235408,
      "ce_expert0": 2.7961714687435557,
      "ce_expert1": 2.795975225195897,
      "ce_expert2": 2.7967516375362003,
      "ce_final": 2.7961509638846356,
      "correction": 0.0002455711364746094,
      "decision_flip": 0,
      "degradation": "none",
      "delta0": 0.0002677440643310547,
      "delta1": 5.888938903808594e-05,
      "delta2": 0.0008857250213623047,
      "delta_clamped0": 0.0002677440643310547,
      "delta_clamped1": 5.888938903808594e-05,
      "delta_clamped2": 0.0008857250213623047,
      "domain": "cyclegan",
      "expert0_correct": 0,
      "expert1_correct": 0,
      "expert2_correct": 0,
      "final_correct": 0,
      "final_margin": 0.877910852432251,
      "final_oracle_gap_ce": 0.00023040664922735488,
      "harm": 0,
      "help": 0,
      "high_conf_anchor_harm": 0,
      "image_path": "",
      "label": 0,
      "oracle_gain_ce": 0.0,
      "p_anchor": 0.9389413595199585,
      "p_expert0": 0.9389566779136658,
      "p_expert1": 0.9389446973800659,
      "p_expert2": 0.9389920830726624,
      "p_final": 0.9389554262161255,
      "pred_anchor": 1,
      "pred_expert0": 1,
      "pred_expert1": 1,
      "pred_expert2": 1,
      "pred_final": 1,
      "q0": 0.32633084058761597,
      "q1": 0.37024155259132385,
      "q2": 0.3034276068210602,
      "q_entropy": 1.0951827764511108,
      "sample_index": 1516,
      "z_anchor": 2.732917308807373,
      "z_expert0": 2.733185052871704,
      "z_expert1": 2.732976198196411,
      "z_expert2": 2.7338030338287354,
      "z_final": 2.7331628799438477
    },
    {
      "anchor_correct": 0,
      "anchor_margin": 0.8466453552246094,
      "apply": 0.6481071710586548,
      "best_candidate": 1,
      "best_expert": 0,
      "cavr": 1,
      "ce_anchor": 2.568149280719351,
      "ce_expert0": 2.568143839327225,
      "ce_expert1": 2.5681718239450153,
      "ce_expert2": 2.568167937145713,
      "ce_final": 2.568157054188036,
      "correction": 8.58306884765625e-06,
      "decision_flip": 0,
      "degradation": "none",
      "delta0": -5.7220458984375e-06,
      "delta1": 2.4318695068359375e-05,
      "delta2": 2.0503997802734375e-05,
      "delta_clamped0": -5.7220458984375e-06,
      "delta_clamped1": 2.4318695068359375e-05,
      "delta_clamped2": 2.0503997802734375e-05,
      "domain": "cyclegan",
      "expert0_correct": 0,
      "expert1_correct": 0,
      "expert2_correct": 0,
      "final_correct": 0,
      "final_margin": 0.8466465473175049,
      "final_oracle_gap_ce": 1.3214860810961682e-05,
      "harm": 0,
      "help": 0,
      "high_conf_anchor_harm": 0,
      "image_path": "",
      "label": 0,
      "oracle_gain_ce": 5.441392125771216e-06,
      "p_anchor": 0.9233226776123047,
      "p_expert0": 0.9233222603797913,
      "p_expert1": 0.9233244061470032,
      "p_expert2": 0.9233241081237793,
      "p_final": 0.9233232736587524,
      "pred_anchor": 1,
      "pred_expert0": 1,
      "pred_expert1": 1,
      "pred_expert2": 1,
      "pred_final": 1,
      "q0": 0.32446807622909546,
      "q1": 0.37235352396965027,
      "q2": 0.30317842960357666,
      "q_entropy": 1.0948866605758667,
      "sample_index": 2174,
      "z_anchor": 2.488372802734375,
      "z_expert0": 2.4883670806884766,
      "z_expert1": 2.4883971214294434,
      "z_expert2": 2.4883933067321777,
      "z_final": 2.4883813858032227
    },
    {
      "anchor_correct": 0,
      "anchor_margin": 0.7102692127227783,
      "apply": 0.6424027681350708,
      "best_candidate": 0,
      "best_expert": 1,
      "cavr": 1,
      "ce_anchor": 1.9319502874508991,
      "ce_expert0": 1.9330605801251957,
      "ce_expert1": 1.9322050064928538,
      "ce_expert2": 1.9357626206309275,
      "ce_final": 1.9329884992512476,
      "correction": 0.0012135505676269531,
      "decision_flip": 0,
      "degradation": "none",
      "delta0": 0.0012983083724975586,
      "delta1": 0.00029790401458740234,
      "delta2": 0.004456877708435059,
      "delta_clamped0": 0.0012983083724975586,
      "delta_clamped1": 0.00029790401458740234,
      "delta_clamped2": 0.004456877708435059,
      "domain": "cyclegan",
      "expert0_correct": 0,
      "expert1_correct": 0,
      "expert2_correct": 0,
      "final_correct": 0,
      "final_margin": 0.7105698585510254,
      "final_oracle_gap_ce": 0.0010382118003484653,
      "harm": 0,
      "help": 0,
      "high_conf_anchor_harm": 0,
      "image_path": "",
      "label": 0,
      "oracle_gain_ce": 0.0,
      "p_anchor": 0.8551346063613892,
      "p_expert0": 0.8552953600883484,
      "p_expert1": 0.8551715016365051,
      "p_expert2": 0.855685830116272,
      "p_final": 0.8552849292755127,
      "pred_anchor": 1,
      "pred_expert0": 1,
      "pred_expert1": 1,
      "pred_expert2": 1,
      "pred_final": 1,
      "q0": 0.32570594549179077,
      "q1": 0.3700575828552246,
      "q2": 0.3042364716529846,
      "q_entropy": 1.0952632427215576,
      "sample_index": 1955,
      "z_anchor": 1.775454044342041,
      "z_expert0": 1.7767523527145386,
      "z_expert1": 1.7757519483566284,
      "z_expert2": 1.779910922050476,
      "z_final": 1.776667594909668
    },
    {
      "anchor_correct": 0,
      "anchor_margin": 0.7094508409500122,
      "apply": 0.637174129486084,
      "best_candidate": 3,
      "best_expert": 2,
      "cavr": 0,
      "ce_anchor": 1.929129675363522,
      "ce_expert0": 1.9286284271547727,
      "ce_expert1": 1.9290422875035276,
      "ce_expert2": 1.927505427891297,
      "ce_final": 1.9286887113146358,
      "correction": -0.000516057014465332,
      "decision_flip": 0,
      "degradation": "none",
      "delta0": -0.0005873441696166992,
      "delta1": -0.00010275840759277344,
      "delta2": -0.0019010305404663086,
      "delta_clamped0": -0.0005873441696166992,
      "delta_clamped1": -0.00010275840759277344,
      "delta_clamped2": -0.0019010305404663086,
      "domain": "cyclegan",
      "expert0_correct": 0,