{
  "expert_oracle_missed_cases": [],
  "high_apply_wrong_cases": [
    {
      "anchor_correct": 0,
      "anchor_margin": 0.2908024787902832,
      "apply": 0.598287045955658,
      "best_candidate": 3,
      "best_expert": 2,
      "cavr": 0,
      "ce_anchor": 1.0367683805403023,
      "ce_expert0": 1.0367024912772702,
      "ce_expert1": 1.0368228433104738,
      "ce_expert2": 1.0366325727256314,
      "ce_final": 1.0367416545250716,
      "correction": -4.124641418457031e-05,
      "decision_flip": 0,
      "degradation": "none",
      "delta0": -0.00010198354721069336,
      "delta1": 8.434057235717773e-05,
      "delta2": -0.00021028518676757812,
      "delta_clamped0": -0.00010198354721069336,
      "delta_clamped1": 8.434057235717773e-05,
      "delta_clamped2": -0.00021028518676757812,
      "domain": "stargan",
      "expert0_correct": 0,
      "expert1_correct": 0,
      "expert2_correct": 0,
      "final_correct": 0,
      "final_margin": 0.29078352451324463,
      "final_oracle_gap_ce": 0.0001090817994402471,
      "harm": 0,
      "help": 0,
      "high_conf_anchor_harm": 0,
      "image_path": "",
      "label": 0,
      "oracle_gain_ce": 0.00013580781467092962,
      "p_anchor": 0.6454012393951416,
      "p_expert0": 0.6453778743743896,
      "p_expert1": 0.6454205513000488,
      "p_expert2": 0.6453530788421631,
      "p_final": 0.6453917622566223,
      "pred_anchor": 1,
      "pred_expert0": 1,
      "pred_expert1": 1,
      "pred_expert2": 1,
      "pred_final": 1,
      "q0": 0.34057188034057617,
      "q1": 0.35445329546928406,
      "q2": 0.3049747943878174,
      "q_entropy": 1.0966368913650513,
      "sample_index": 764,
      "z_anchor": 0.5988852381706238,
      "z_expert0": 0.5987832546234131,
      "z_expert1": 0.598969578742981,
      "z_expert2": 0.5986749529838562,
      "z_final": 0.5988439917564392
    }
  ],
  "high_conf_anchor_harm_cases": [],
  "router_collapse_cases": [],
  "top_harm_cases": [],
  "top_help_cases": []
}