{
  "expert_oracle_missed_cases": [
    {
      "anchor_correct": 0,
      "anchor_margin": 0.09966796636581421,
      "apply": 0.1985899955034256,
      "best_candidate": 3,
      "best_expert": 2,
      "cavr": 1,
      "ce_anchor": 0.7981388379941248,
      "ce_expert0": 0.8400801784184069,
      "ce_expert1": 0.8381871365490381,
      "ce_expert2": 0.747289188587659,
      "ce_final": 0.8493041772171297,
      "correction": -0.09119050204753876,
      "decision_flip": 0,
      "degradation": "none",
      "delta0": -0.07501666247844696,
      "delta1": -0.07168345153331757,
      "delta2": 0.09449731558561325,
      "delta_clamped0": -0.07501666247844696,
      "delta_clamped1": -0.07168345153331757,
      "delta_clamped2": 0.09449731558561325,
      "domain": "progan",
      "expert0_correct": 0,
      "expert1_correct": 0,
      "expert2_correct": 0,
      "final_correct": 0,
      "final_margin": 0.1445751190185547,
      "final_oracle_gap_ce": 0.10201498862947067,
      "harm": 0,
      "help": 0,
      "high_conf_anchor_harm": 0,
      "image_path": "",
      "label": 1,
      "oracle_gain_ce": 0.05084964940646575,
      "p_anchor": 0.4501660168170929,
      "p_expert0": 0.43167591094970703,
      "p_expert1": 0.4324938654899597,
      "p_expert2": 0.4736487865447998,
      "p_final": 0.42771244049072266,
      "pred_anchor": 0,
      "pred_expert0": 0,
      "pred_expert1": 0,
      "pred_expert2": 0,
      "pred_final": 0,
      "q0": 0.14490103721618652,
      "q1": 0.4638881981372833,
      "q2": 0.39121076464653015,
      "q_entropy": 1.0033786296844482,
      "sample_index": 3,
      "z_anchor": -0.20000000298023224,
      "z_expert0": -0.2750166654586792,
      "z_expert1": -0.2716834545135498,
      "z_expert2": -0.10550268739461899,
      "z_final": -0.291190505027771
    }
  ],
  "high_apply_wrong_cases": [
    {
      "anchor_correct": 0,
      "anchor_margin": 0.14888501167297363,
      "apply": 0.8907425403594971,
      "best_candidate": 3,
      "best_expert": 2,
      "cavr": 0,
      "ce_anchor": 0.8543552186784225,
      "ce_expert0": 0.842611713513329,
      "ce_expert1": 0.9402860754334743,
      "ce_expert2": 0.8348899517278194,
      "ce_final": 0.8043485183072181,
      "correction": -0.08873477578163147,
      "decision_flip": 0,
      "degradation": "none",
      "delta0": -0.020533084869384766,
      "delta1": 0.14514341950416565,
      "delta2": -0.034133851528167725,
      "delta_clamped0": -0.020533084869384766,
      "delta_clamped1": 0.14514341950416565,
      "delta_clamped2": -0.034133851528167725,
      "domain": "progan",
      "expert0_correct": 0,
      "expert1_correct": 0,
      "expert2_correct": 0,
      "final_correct": 0,
      "final_margin": 0.10524141788482666,
      "final_oracle_gap_ce": -0.030541433420601338,
      "harm": 0,
      "help": 0,
      "high_conf_anchor_harm": 0,
      "image_path": "",
      "label": 0,
      "oracle_gain_ce": 0.019465266950603022,
      "p_anchor": 0.5744425058364868,
      "p_expert0": 0.5694155097007751,
      "p_expert1": 0.6094838976860046,
      "p_expert2": 0.5660777688026428,
      "p_final": 0.5526207089424133,
      "pred_anchor": 1,
      "pred_expert0": 1,
      "pred_expert1": 1,
      "pred_expert2": 1,
      "pred_final": 1,
      "q0": 0.8114549517631531,
      "q1": 0.14953723549842834,
      "q2": 0.03900778666138649,
      "q_entropy": 0.5802275538444519,
      "sample_index": 2,
      "z_anchor": 0.30000001192092896,
      "z_expert0": 0.2794669270515442,
      "z_expert1": 0.4451434314250946,
      "z_expert2": 0.26586616039276123,
      "z_final": 0.21126523613929749
    }
  ],
  "high_conf_anchor_harm_cases": [],
  "router_collapse_cases": [],
  "top_harm_cases": [],
  "top_help_cases": []
}