{
  "expert_oracle_missed_cases": [],
  "high_apply_wrong_cases": [
    {
      "anchor_correct": 0,
      "anchor_margin": 0.4065970182418823,
      "apply": 0.7200945615768433,
      "best_candidate": 0,
      "best_expert": 2,
      "cavr": 1,
      "ce_anchor": 1.215028726827548,
      "ce_expert0": 1.215115917301421,
      "ce_expert1": 1.2150618743838981,
      "ce_expert2": 1.2150476107552768,
      "ce_final": 1.2150628788724551,
      "correction": 4.83393669128418e-05,
      "decision_flip": 0,
      "degradation": "none",
      "delta0": 0.00012367963790893555,
      "delta1": 4.684925079345703e-05,
      "delta2": 2.6702880859375e-05,
      "delta_clamped0": 0.00012367963790893555,
      "delta_clamped1": 4.684925079345703e-05,
      "delta_clamped2": 2.6702880859375e-05,
      "domain": "gaugan",
      "expert0_correct": 0,
      "expert1_correct": 0,
      "expert2_correct": 0,
      "final_correct": 0,
      "final_margin": 0.40661728382110596,
      "final_oracle_gap_ce": 3.4152044907198587e-05,
      "harm": 0,
      "help": 0,
      "high_conf_anchor_harm": 0,
      "image_path": "",
      "label": 0,
      "oracle_gain_ce": 0.0,
      "p_anchor": 0.7032985091209412,
      "p_expert0": 0.7033243775367737,
      "p_expert1": 0.7033083438873291,
      "p_expert2": 0.70330411195755,
      "p_final": 0.703308641910553,
      "pred_anchor": 1,
      "pred_expert0": 1,
      "pred_expert1": 1,
      "pred_expert2": 1,
      "pred_final": 1,
      "q0": 0.3515559434890747,
      "q1": 0.3156794607639313,
      "q2": 0.332764595746994,
      "q_entropy": 1.0976465940475464,
      "sample_index": 1647,
      "z_anchor": 0.8630550503730774,
      "z_expert0": 0.8631787300109863,
      "z_expert1": 0.8631018996238708,
      "z_expert2": 0.8630817532539368,
      "z_final": 0.8631033897399902
    },
    {
      "anchor_correct": 0,
      "anchor_margin": 0.5126196146011353,
      "apply": 0.7122198939323425,
      "best_candidate": 2,
      "best_expert": 1,
      "cavr": 1,
      "ce_anchor": 1.411857562495056,
      "ce_expert0": 1.4122379752315561,
      "ce_expert1": 1.4118538936234382,
      "ce_expert2": 1.4121939329098139,
      "ce_final": 1.412030993183207,
      "correction": 0.00022935867309570312,
      "decision_flip": 0,
      "degradation": "none",
      "delta0": 0.0005027055740356445,
      "delta1": -4.887580871582031e-06,
      "delta2": 0.00044476985931396484,
      "delta_clamped0": 0.0005027055740356445,
      "delta_clamped1": -4.887580871582031e-06,
      "delta_clamped2": 0.00044476985931396484,
      "domain": "gaugan",
      "expert0_correct": 0,
      "expert1_correct": 0,
      "expert2_correct": 0,
      "final_correct": 0,
      "final_margin": 0.5127041339874268,
      "final_oracle_gap_ce": 0.00017709955976874525,
      "harm": 0,
      "help": 0,
      "high_conf_anchor_harm": 0,
      "image_path": "",
      "label": 0,
      "oracle_gain_ce": 3.6688716178456815e-06,
      "p_anchor": 0.7563098073005676,
      "p_expert0": 0.7564024925231934,
      "p_expert1": 0.756308913230896,
      "p_expert2": 0.7563917636871338,
      "p_final": 0.7563520669937134,
      "pred_anchor": 1,
      "pred_expert0": 1,
      "pred_expert1": 1,
      "pred_expert2": 1,
      "pred_final": 1,
      "q0": 0.3510799705982208,
      "q1": 0.31801795959472656,
      "q2": 0.33090201020240784,
      "q_entropy": 1.097781777381897,
      "sample_index": 1616,
      "z_anchor": 1.1325534582138062,
      "z_expert0": 1.1330561637878418,
      "z_expert1": 1.1325485706329346,
      "z_expert2": 1.1329982280731201,
      "z_final": 1.1327828168869019
    },
    {
      "anchor_correct": 0,
      "anchor_margin": 0.5765422582626343,
      "apply": 0.7056775093078613,
      "best_candidate": 0,
      "best_expert": 1,
      "cavr": 1,
      "ce_anchor": 1.5524487338115098,
      "ce_expert0": 1.5525050381998042,
      "ce_expert1": 1.552449578353915,
      "ce_expert2": 1.5525013783182295,
      "ce_final": 1.552474914957736,
      "correction": 3.349781036376953e-05,
      "decision_flip": 0,
      "degradation": "none",
      "delta0": 7.164478302001953e-05,
      "delta1": 8.344650268554688e-07,
      "delta2": 6.67572021484375e-05,
      "delta_clamped0": 7.164478302001953e-05,
      "delta_clamped1": 8.344650268554688e-07,
      "delta_clamped2": 6.67572021484375e-05,
      "domain": "gaugan",
      "expert0_correct": 0,
      "expert1_correct": 0,
      "expert2_correct": 0,
      "final_correct": 0,
      "final_margin": 0.5765533447265625,
      "final_oracle_gap_ce": 2.6181146226100793e-05,
      "harm": 0,
      "help": 0,
      "high_conf_anchor_harm": 0,
      "image_path": "",
      "label": 0,
      "oracle_gain_ce": 0.0,
      "p_anchor": 0.7882711291313171,
      "p_expert0": 0.7882830500602722,
      "p_expert1": 0.7882713079452515,
      "p_expert2": 0.7882822751998901,
      "p_final": 0.7882766723632812,
      "pred_anchor": 1,
      "pred_expert0": 1,
      "pred_expert1": 1,
      "pred_expert2": 1,
      "pred_final": 1,
      "q0": 0.3510147035121918,
      "q1": 0.3194352090358734,
      "q2": 0.3295501172542572,
      "q_entropy": 1.0978360176086426,
      "sample_index": 3867,
      "z_anchor": 1.3145354986190796,
      "z_expert0": 1.3146071434020996,
      "z_expert1": 1.3145363330841064,
      "z_expert2": 1.314602255821228,
      "z_final": 1.3145689964294434
    },
    {
      "anchor_correct": 0,
      "anchor_margin": 0.733376145362854,
      "apply": 0.694618821144104,
      "best_candidate": 3,
      "best_expert": 2,
      "cavr": 0,
      "ce_anchor": 2.015063578541713,
      "ce_expert0": 2.0150917466552762,
      "ce_expert1": 2.015057766172589,
      "ce_expert2": 2.0148990568412426,
      "ce_final": 2.0150318344757827,
      "correction": -3.647804260253906e-05,
      "decision_flip": 0,
      "degradation": "none",
      "delta0": 3.314018249511719e-05,
      "delta1": -6.4373016357421875e-06,
      "delta2": -0.00018966197967529297,
      "delta_clamped0": 3.314018249511719e-05,
      "delta_clamped1": -6.4373016357421875e-06,
      "delta_clamped2": -0.00018966197967529297,
      "domain": "gaugan",
      "expert0_correct": 0,
      "expert1_correct": 0,
      "expert2_correct": 0,
      "final_correct": 0,
      "final_margin": 0.7333676815032959,
      "final_oracle_gap_ce": 0.00013277763454011549,
      "harm": 0,
      "help": 0,
      "high_conf_anchor_harm": 0,
      "image_path": "",
      "label": 0,
      "oracle_gain_ce": 0.00016452170047021042,
      "p_anchor": 0.866688072681427,
      "p_expert0": 0.8666918277740479,
      "p_expert1": 0.8666872978210449,
      "p_expert2": 0.8666661381721497,
      "p_final": 0.866683840751648,
      "pred_anchor": 1,
      "pred_expert0": 1,
      "pred_expert1": 1,
      "pred_expert2": 1,
      "pred_final": 1,
      "q0": 0.35082656145095825,
      "q1": 0.3215768337249756,
      "q2": 0.32759663462638855,
      "q_entropy": 1.097901701927185,
      "sample_index": 1787,
      "z_anchor": 1.871987223625183,
      "z_expert0": 1.8720203638076782,
      "z_expert1": 1.8719807863235474,
      "z_expert2": 1.8717975616455078,
      "z_final": 1.8719507455825806
    },
    {
      "anchor_correct": 0,
      "anchor_margin": 0.6639434099197388,
      "apply": 0.6933928728103638,
      "best_candidate": 1,
      "best_expert": 0,
      "cavr": 1,
      "ce_anchor": 1.783622890902495,
      "ce_expert0": 1.7836186341538633,
      "ce_expert1": 1.783623511679851,
      "ce_expert2": 1.7836497620464487,
      "ce_final": 1.7836281231808457,
      "correction": -6.198883056640625e-06,
      "decision_flip": 0,
      "degradation": "none",
      "delta0": 5.245208740234375e-06,
      "delta1": -7.152557373046875e-07,
      "delta2": -3.218650817871094e-05,
      "delta_clamped0": 5.245208740234375e-06,
      "delta_clamped1": -7.152557373046875e-07,
      "delta_clamped2": -3.218650817871094e-05,
      "domain": "gaugan",
      "expert0_correct": 0,