{
  "expert_oracle_missed_cases": [],
  "high_apply_wrong_cases": [
    {
      "anchor_correct": 0,
      "anchor_margin": 0.8622508496046066,
      "apply": 0.7155119776725769,
      "best_candidate": 3,
      "best_expert": 2,
      "cavr": 0,
      "ce_anchor": 2.6754681792566206,
      "ce_expert0": 2.675450438539153,
      "ce_expert1": 2.6754698018989282,
      "ce_expert2": 2.675440919259529,
      "ce_final": 2.675457578058339,
      "correction": 1.1444091796875e-05,
      "decision_flip": 0,
      "degradation": "none",
      "delta0": 1.9073486328125e-05,
      "delta1": -1.6689300537109375e-06,
      "delta2": 2.9325485229492188e-05,
      "delta_clamped0": 1.9073486328125e-05,
      "delta_clamped1": -1.6689300537109375e-06,
      "delta_clamped2": 2.9325485229492188e-05,
      "domain": "progan",
      "expert0_correct": 0,
      "expert1_correct": 0,
      "expert2_correct": 0,
      "final_correct": 0,
      "final_margin": 0.8622493892908096,
      "final_oracle_gap_ce": 1.6658798810187392e-05,
      "harm": 0,
      "help": 0,
      "high_conf_anchor_harm": 0,
      "image_path": "",
      "label": 1,
      "oracle_gain_ce": 2.725999709163318e-05,
      "p_anchor": 0.06887457519769669,
      "p_expert0": 0.06887579709291458,
      "p_expert1": 0.06887446343898773,
      "p_expert2": 0.06887645274400711,
      "p_final": 0.06887530535459518,
      "pred_anchor": 0,
      "pred_expert0": 0,
      "pred_expert1": 0,
      "pred_expert2": 0,
      "pred_final": 0,
      "q0": 0.3511321246623993,
      "q1": 0.3173074424266815,
      "q2": 0.3315604627132416,
      "q_entropy": 1.0977489948272705,
      "sample_index": 308,
      "z_anchor": -2.604106903076172,
      "z_expert0": -2.6040878295898438,
      "z_expert1": -2.6041085720062256,
      "z_expert2": -2.6040775775909424,
      "z_final": -2.604095458984375
    },
    {
      "anchor_correct": 0,
      "anchor_margin": 0.8702445924282074,
      "apply": 0.7090542316436768,
      "best_candidate": 3,
      "best_expert": 2,
      "cavr": 0,
      "ce_anchor": 2.7352512615106472,
      "ce_expert0": 2.7352330020558524,
      "ce_expert1": 2.7352519505532054,
      "ce_expert2": 2.735222896337405,
      "ce_final": 2.735240351733414,
      "correction": 1.1682510375976562e-05,
      "decision_flip": 0,
      "degradation": "none",
      "delta0": 1.9550323486328125e-05,
      "delta1": -7.152557373046875e-07,
      "delta2": 3.0279159545898438e-05,
      "delta_clamped0": 1.9550323486328125e-05,
      "delta_clamped1": -7.152557373046875e-07,
      "delta_clamped2": 3.0279159545898438e-05,
      "domain": "progan",
      "expert0_correct": 0,
      "expert1_correct": 0,
      "expert2_correct": 0,
      "final_correct": 0,
      "final_margin": 0.870243176817894,
      "final_oracle_gap_ce": 1.7455396009058433e-05,
      "harm": 0,
      "help": 0,
      "high_conf_anchor_harm": 0,
      "image_path": "",
      "label": 1,
      "oracle_gain_ce": 2.8365173242228536e-05,
      "p_anchor": 0.0648777037858963,
      "p_expert0": 0.06487888842821121,
      "p_expert1": 0.06487765908241272,
      "p_expert2": 0.06487954407930374,
      "p_final": 0.06487841159105301,
      "pred_anchor": 0,
      "pred_expert0": 0,
      "pred_expert1": 0,
      "pred_expert2": 0,
      "pred_final": 0,
      "q0": 0.3510512709617615,
      "q1": 0.31881847977638245,
      "q2": 0.33013027906417847,
      "q_entropy": 1.097813367843628,
      "sample_index": 371,
      "z_anchor": -2.668173313140869,
      "z_expert0": -2.668153762817383,
      "z_expert1": -2.6681740283966064,
      "z_expert2": -2.6681430339813232,
      "z_final": -2.668161630630493
    },
    {
      "anchor_correct": 0,
      "anchor_margin": 0.8687980622053146,
      "apply": 0.7075693011283875,
      "best_candidate": 3,
      "best_expert": 2,
      "cavr": 0,
      "ce_anchor": 2.7241648133646006,
      "ce_expert0": 2.724148799524099,
      "ce_expert1": 2.7241627690302574,
      "ce_expert2": 2.72413994091399,
      "ce_final": 2.7241545917346772,
      "correction": 1.0967254638671875e-05,
      "decision_flip": 0,
      "degradation": "none",
      "delta0": 1.71661376953125e-05,
      "delta1": 2.384185791015625e-06,
      "delta2": 2.6702880859375e-05,
      "delta_clamped0": 1.71661376953125e-05,
      "delta_clamped1": 2.384185791015625e-06,
      "delta_clamped2": 2.6702880859375e-05,
      "domain": "progan",
      "expert0_correct": 0,
      "expert1_correct": 0,
      "expert2_correct": 0,
      "final_correct": 0,
      "final_margin": 0.8687967211008072,
      "final_oracle_gap_ce": 1.4650820687300836e-05,
      "harm": 0,
      "help": 0,
      "high_conf_anchor_harm": 0,
      "image_path": "",
      "label": 1,
      "oracle_gain_ce": 2.4872450610669006e-05,
      "p_anchor": 0.06560096889734268,
      "p_expert0": 0.06560201942920685,
      "p_expert1": 0.06560110300779343,
      "p_expert2": 0.06560260057449341,
      "p_final": 0.0656016394495964,
      "pred_anchor": 0,
      "pred_expert0": 0,
      "pred_expert1": 0,
      "pred_expert2": 0,
      "pred_final": 0,
      "q0": 0.35097256302833557,
      "q1": 0.31917715072631836,
      "q2": 0.32985031604766846,
      "q_entropy": 1.0978304147720337,
      "sample_index": 378,
      "z_anchor": -2.656313180923462,
      "z_expert0": -2.6562960147857666,
      "z_expert1": -2.656310796737671,
      "z_expert2": -2.6562864780426025,
      "z_final": -2.6563022136688232
    }
  ],
  "high_conf_anchor_harm_cases": [],
  "router_collapse_cases": [],
  "top_harm_cases": [],
  "top_help_cases": []
}