{
  "expert_oracle_missed_cases": [],
  "high_apply_wrong_cases": [
    {
      "anchor_correct": 0,
      "anchor_margin": 0.23959219455718994,
      "apply": 0.7135992646217346,
      "best_candidate": 3,
      "best_expert": 2,
      "cavr": 0,
      "ce_anchor": 0.967047584063593,
      "ce_expert0": 0.9668021120491482,
      "ce_expert1": 0.9670259500089565,
      "ce_expert2": 0.9666834731676625,
      "ce_final": 0.9668950582842069,
      "correction": -0.0002459883689880371,
      "decision_flip": 0,
      "degradation": "none",
      "delta0": -0.00039583444595336914,
      "delta1": -3.4809112548828125e-05,
      "delta2": -0.0005872845649719238,
      "delta_clamped0": -0.00039583444595336914,
      "delta_clamped1": -3.4809112548828125e-05,
      "delta_clamped2": -0.0005872845649719238,
      "domain": "cyclegan",
      "expert0_correct": 0,
      "expert1_correct": 0,
      "expert2_correct": 0,
      "final_correct": 0,
      "final_margin": 0.23947620391845703,
      "final_oracle_gap_ce": 0.00021158511654439938,
      "harm": 0,
      "help": 0,
      "high_conf_anchor_harm": 0,
      "image_path": "",
      "label": 0,
      "oracle_gain_ce": 0.00036411089593058055,
      "p_anchor": 0.619796097278595,
      "p_expert0": 0.6197027564048767,
      "p_expert1": 0.619787871837616,
      "p_expert2": 0.6196576356887817,
      "p_final": 0.6197381019592285,
      "pred_anchor": 1,
      "pred_expert0": 1,
      "pred_expert1": 1,
      "pred_expert2": 1,
      "pred_final": 1,
      "q0": 0.35207051038742065,
      "q1": 0.3170605003833771,
      "q2": 0.33086898922920227,
      "q_entropy": 1.0976823568344116,
      "sample_index": 729,
      "z_anchor": 0.4886828064918518,
      "z_expert0": 0.48828697204589844,
      "z_expert1": 0.488647997379303,
      "z_expert2": 0.4880955219268799,
      "z_final": 0.48843681812286377
    },
    {
      "anchor_correct": 0,
      "anchor_margin": 0.17638981342315674,
      "apply": 0.7066714763641357,
      "best_candidate": 0,
      "best_expert": 1,
      "cavr": 1,
      "ce_anchor": 0.8872051161103418,
      "ce_expert0": 0.8875266352003217,
      "ce_expert1": 0.8872130768387659,
      "ce_expert2": 0.8880039653581999,
      "ce_final": 0.8874736447508966,
      "correction": 0.0004564821720123291,
      "decision_flip": 0,
      "degradation": "none",
      "delta0": 0.0005466043949127197,
      "delta1": 1.3649463653564453e-05,
      "delta2": 0.0013578236103057861,
      "delta_clamped0": 0.0005466043949127197,
      "delta_clamped1": 1.3649463653564453e-05,
      "delta_clamped2": 0.0013578236103057861,
      "domain": "cyclegan",
      "expert0_correct": 0,
      "expert1_correct": 0,
      "expert2_correct": 0,
      "final_correct": 0,
      "final_margin": 0.17661094665527344,
      "final_oracle_gap_ce": 0.0002685286405548215,
      "harm": 0,
      "help": 0,
      "high_conf_anchor_harm": 0,
      "image_path": "",
      "label": 0,
      "oracle_gain_ce": 0.0,
      "p_anchor": 0.5881949067115784,
      "p_expert0": 0.5883272886276245,
      "p_expert1": 0.588198184967041,
      "p_expert2": 0.5885237455368042,
      "p_final": 0.5883054733276367,
      "pred_anchor": 1,
      "pred_expert0": 1,
      "pred_expert1": 1,
      "pred_expert2": 1,
      "pred_final": 1,
      "q0": 0.35514628887176514,
      "q1": 0.3152695894241333,
      "q2": 0.3295840919017792,
      "q_entropy": 1.0973939895629883,
      "sample_index": 2221,
      "z_anchor": 0.35650813579559326,
      "z_expert0": 0.357054740190506,
      "z_expert1": 0.3565217852592468,
      "z_expert2": 0.35786595940589905,
      "z_final": 0.3569646179676056
    },
    {
      "anchor_correct": 0,
      "anchor_margin": 0.8024047613143921,
      "apply": 0.7010365128517151,
      "best_candidate": 0,
      "best_expert": 1,
      "cavr": 1,
      "ce_anchor": 2.314681770239229,
      "ce_expert0": 2.3147161589541834,
      "ce_expert1": 2.31468780326158,
      "ce_expert2": 2.314846484817294,
      "ce_final": 2.3147300354371954,
      "correction": 5.316734313964844e-05,
      "decision_flip": 0,
      "degradation": "none",
      "delta0": 3.814697265625e-05,
      "delta1": 6.67572021484375e-06,
      "delta2": 0.00018310546875,
      "delta_clamped0": 3.814697265625e-05,
      "delta_clamped1": 6.67572021484375e-06,
      "delta_clamped2": 0.00018310546875,
      "domain": "cyclegan",
      "expert0_correct": 0,
      "expert1_correct": 0,
      "expert2_correct": 0,
      "final_correct": 0,
      "final_margin": 0.8024142980575562,
      "final_oracle_gap_ce": 4.82651979663018e-05,
      "harm": 0,
      "help": 0,
      "high_conf_anchor_harm": 0,
      "image_path": "",
      "label": 0,
      "oracle_gain_ce": 0.0,
      "p_anchor": 0.901202380657196,
      "p_expert0": 0.9012057781219482,
      "p_expert1": 0.9012029767036438,
      "p_expert2": 0.9012186527252197,
      "p_final": 0.9012071490287781,
      "pred_anchor": 1,
      "pred_expert0": 1,
      "pred_expert1": 1,
      "pred_expert2": 1,
      "pred_final": 1,
      "q0": 0.3509730100631714,
      "q1": 0.32037925720214844,
      "q2": 0.32864776253700256,
      "q_entropy": 1.0978654623031616,
      "sample_index": 2345,
      "z_anchor": 2.2106564044952393,
      "z_expert0": 2.2106945514678955,
      "z_expert1": 2.210663080215454,
      "z_expert2": 2.2108395099639893,
      "z_final": 2.210709571838379
    }
  ],
  "high_conf_anchor_harm_cases": [],
  "router_collapse_cases": [],
  "top_harm_cases": [],
  "top_help_cases": []
}