{
  "expert_oracle_missed_cases": [],
  "high_apply_wrong_cases": [
    {
      "anchor_correct": 0,
      "anchor_margin": 0.398248553276062,
      "apply": 0.7245603799819946,
      "best_candidate": 3,
      "best_expert": 2,
      "cavr": 0,
      "ce_anchor": 1.2010579786874611,
      "ce_expert0": 1.2009490274951105,
      "ce_expert1": 1.2010453001202421,
      "ce_expert2": 1.200910204120661,
      "ce_final": 1.2009914180028125,
      "correction": -9.483098983764648e-05,
      "decision_flip": 0,
      "degradation": "none",
      "delta0": -0.00015550851821899414,
      "delta1": -1.817941665649414e-05,
      "delta2": -0.00021147727966308594,
      "delta_clamped0": -0.00015550851821899414,
      "delta_clamped1": -1.817941665649414e-05,
      "delta_clamped2": -0.00021147727966308594,
      "domain": "stargan",
      "expert0_correct": 0,
      "expert1_correct": 0,
      "expert2_correct": 0,
      "final_correct": 0,
      "final_margin": 0.39820849895477295,
      "final_oracle_gap_ce": 8.12138821515429e-05,
      "harm": 0,
      "help": 0,
      "high_conf_anchor_harm": 0,
      "image_path": "",
      "label": 0,
      "oracle_gain_ce": 0.00014777456680015177,
      "p_anchor": 0.699124276638031,
      "p_expert0": 0.6990914940834045,
      "p_expert1": 0.6991204619407654,
      "p_expert2": 0.6990798115730286,
      "p_final": 0.6991042494773865,
      "pred_anchor": 1,
      "pred_expert0": 1,
      "pred_expert1": 1,
      "pred_expert2": 1,
      "pred_final": 1,
      "q0": 0.35100409388542175,
      "q1": 0.31527626514434814,
      "q2": 0.3337196707725525,
      "q_entropy": 1.0976536273956299,
      "sample_index": 290,
      "z_anchor": 0.8431310653686523,
      "z_expert0": 0.8429755568504333,
      "z_expert1": 0.8431128859519958,
      "z_expert2": 0.8429195880889893,
      "z_final": 0.8430362343788147
    },
    {
      "anchor_correct": 0,
      "anchor_margin": 0.8283026218414307,
      "apply": 0.6977849006652832,
      "best_candidate": 0,
      "best_expert": 1,
      "cavr": 1,
      "ce_anchor": 2.455168961652913,
      "ce_expert0": 2.4551842363439302,
      "ce_expert1": 2.4551745160590146,
      "ce_expert2": 2.4552140920955217,
      "ce_final": 2.4551842363439302,
      "correction": 1.71661376953125e-05,
      "decision_flip": 0,
      "degradation": "none",
      "delta0": 1.71661376953125e-05,
      "delta1": 6.67572021484375e-06,
      "delta2": 4.982948303222656e-05,
      "delta_clamped0": 1.71661376953125e-05,
      "delta_clamped1": 6.67572021484375e-06,
      "delta_clamped2": 4.982948303222656e-05,
      "domain": "stargan",
      "expert0_correct": 0,
      "expert1_correct": 0,
      "expert2_correct": 0,
      "final_correct": 0,
      "final_margin": 0.8283052444458008,
      "final_oracle_gap_ce": 1.5274691017364006e-05,
      "harm": 0,
      "help": 0,
      "high_conf_anchor_harm": 0,
      "image_path": "",
      "label": 0,
      "oracle_gain_ce": 0.0,
      "p_anchor": 0.9141513109207153,
      "p_expert0": 0.9141526222229004,
      "p_expert1": 0.9141517877578735,
      "p_expert2": 0.9141551852226257,
      "p_final": 0.9141526222229004,
      "pred_anchor": 1,
      "pred_expert0": 1,
      "pred_expert1": 1,
      "pred_expert2": 1,
      "pred_final": 1,
      "q0": 0.35082438588142395,
      "q1": 0.3209720551967621,
      "q2": 0.32820364832878113,
      "q_entropy": 1.0978894233703613,
      "sample_index": 1919,
      "z_anchor": 2.3654091358184814,
      "z_expert0": 2.3654263019561768,
      "z_expert1": 2.3654158115386963,
      "z_expert2": 2.3654589653015137,
      "z_final": 2.3654263019561768
    },
    {
      "anchor_correct": 0,
      "anchor_margin": 0.14750981330871582,
      "apply": 0.6590790152549744,
      "best_candidate": 1,
      "best_expert": 0,
      "cavr": 1,
      "ce_anchor": 0.8527407616632349,
      "ce_expert0": 0.8527259390984248,
      "ce_expert1": 0.8527428592137364,
      "ce_expert2": 0.8527941806534189,
      "ce_final": 0.8527491518916394,
      "correction": 1.4662742614746094e-05,
      "decision_flip": 0,
      "degradation": "none",
      "delta0": -2.6047229766845703e-05,
      "delta1": 3.6954879760742188e-06,
      "delta2": 9.328126907348633e-05,
      "delta_clamped0": -2.6047229766845703e-05,
      "delta_clamped1": 3.6954879760742188e-06,
      "delta_clamped2": 9.328126907348633e-05,
      "domain": "stargan",
      "expert0_correct": 0,
      "expert1_correct": 0,
      "expert2_correct": 0,
      "final_correct": 0,
      "final_margin": 0.14751696586608887,
      "final_oracle_gap_ce": 2.3212793214599792e-05,
      "harm": 0,
      "help": 0,
      "high_conf_anchor_harm": 0,
      "image_path": "",
      "label": 0,
      "oracle_gain_ce": 1.4822564810113015e-05,
      "p_anchor": 0.5737549066543579,
      "p_expert0": 0.5737485885620117,
      "p_expert1": 0.5737558007240295,
      "p_expert2": 0.5737776756286621,
      "p_final": 0.5737584829330444,
      "pred_anchor": 1,
      "pred_expert0": 1,
      "pred_expert1": 1,
      "pred_expert2": 1,
      "pred_final": 1,
      "q0": 0.35720399022102356,
      "q1": 0.3172072768211365,
      "q2": 0.32558873295783997,
      "q_entropy": 1.0972900390625,
      "sample_index": 792,
      "z_anchor": 0.2971877455711365,
      "z_expert0": 0.29716169834136963,
      "z_expert1": 0.29719144105911255,
      "z_expert2": 0.29728102684020996,
      "z_final": 0.2972024083137512
    },
    {
      "anchor_correct": 0,
      "anchor_margin": 0.11547613143920898,
      "apply": 0.6199628114700317,
      "best_candidate": 3,
      "best_expert": 2,
      "cavr": 0,
      "ce_anchor": 0.815852960935181,
      "ce_expert0": 0.8158603734374983,
      "ce_expert1": 0.8158545782037276,
      "ce_expert2": 0.8157778955983169,
      "ce_final": 0.8158400228809671,
      "correction": -2.321600914001465e-05,
      "decision_flip": 0,
      "degradation": "none",
      "delta0": 1.3381242752075195e-05,
      "delta1": 3.069639205932617e-06,
      "delta2": -0.00013458728790283203,
      "delta_clamped0": 1.3381242752075195e-05,
      "delta_clamped1": 3.069639205932617e-06,
      "delta_clamped2": -0.00013458728790283203,
      "domain": "stargan",
      "expert0_correct": 0,
      "expert1_correct": 0,
      "expert2_correct": 0,
      "final_correct": 0,
      "final_margin": 0.11546468734741211,
      "final_oracle_gap_ce": 6.212728265020395e-05,
      "harm": 0,
      "help": 0,
      "high_conf_anchor_harm": 0,
      "image_path": "",
      "label": 0,
      "oracle_gain_ce": 7.506533686407746e-05,
      "p_anchor": 0.5577380657196045,
      "p_expert0": 0.5577413439750671,
      "p_expert1": 0.5577387809753418,
      "p_expert2": 0.5577048659324646,
      "p_final": 0.557732343673706,
      "pred_anchor": 1,
      "pred_expert0": 1,
      "pred_expert1": 1,
      "pred_expert2": 1,
      "pred_final": 1,
      "q0": 0.3592185378074646,
      "q1": 0.3195357024669647,
      "q2": 0.3212457597255707,
      "q_entropy": 1.097120761871338,
      "sample_index": 1262,
      "z_anchor": 0.23198702931404114,
      "z_expert0": 0.2320004105567932,
      "z_expert1": 0.23199009895324707,
      "z_expert2": 0.2318524420261383,
      "z_final": 0.23196381330490112
    }
  ],
  "high_conf_anchor_harm_cases": [],
  "router_collapse_cases": [],
  "top_harm_cases": [],
  "top_help_cases": []
}